id,first_name,last_name,email,gender,ip_address
1,Hube,Fussie,hfussie0@yelp.com,Male,95.22.108.165
2,Tomlin,Edward,tedward1@skyrock.com,Male,65.235.178.31
3,Cami,Baxill,cbaxill2@pbs.org,Female,184.120.78.122
4,Quincey,Knowling,qknowling3@woothemes.com,Male,8.91.91.169
5,Jennica,Revan,jrevan4@live.com,Female,138.123.29.212
6,Giulia,Seakin,gseakin5@php.net,Female,30.51.39.170
7,Alva,Marran,amarran6@pen.io,Male,49.38.216.147
8,Sisile,Pavese,spavese7@google.com.au,Female,61.30.111.220
9,Jone,Vella,jvella8@discovery.com,Male,243.166.96.74
10,Padraic,Simeon,psimeon9@opera.com,Male,39.72.136.255
11,Yurik,Accombe,yaccombea@ed.gov,Male,38.230.142.134
12,Umberto,Stradling,ustradlingb@toplist.cz,Male,208.229.152.59
13,Con,Kilgour,ckilgourc@businessinsider.com,Male,130.137.174.67
14,Randie,Bush,rbushd@google.nl,Male,199.194.226.178
15,Allegra,Weldon,aweldone@sakura.ne.jp,Female,39.81.216.15
16,Breanne,Bartels-Ellis,bbartelsellisf@g.co,Female,52.18.231.106
17,Tomkin,Gutch,tgutchg@tiny.cc,Male,97.234.152.234